ID,Name_LastName
M93280,Morelbiron Carole
M16287,Galindo Christophe
M67432,USER RESTAIN
M67937,Saillant Alexandre
M15951,Raholijaona Hug
M35553,Etiennejeannette David
M19171,Soussen Henri
M69061,Yapnewkpin Steeven
M28328,Arroyo Marc
M33769,Dasilvabastos Bruno
M62802,Denozi David
M04716,Bouton Warren
M02869,Mlikaboukhris Nessim
M19468,Emile Christopher
M66041,Nguon Patrick
M04133,Albrecht Fr
M95593,Berrah Achour
M12998,Wintrebert Alexandre
M74677,Santosteixeira Antoniojos
M75032,Boucher Nicolas
M53941,Rousseau Joachim
M05783,Albert Pierrejean
M08460,Boya Jeanvictor
M78728,Smite Walter
M64344,Thai Khanh
M10864,Borgi Montassar
M39217,Longhi Patrice
M80466,Lemardelet Franck
M86838,Dahmani Slimane
M16618,Boukhari Houari
M24631,Kaghat Radouane
M96484,Nachit Zineb
M64988,Simar Guilhem
M18655,Villarroya Aurelien
M82924,Abouabbas Maher
M78682,Adigo Axel
M11410,Affodogandji Claude
M17528,Alabi Abio
M52613,Blondel Romuald
M41374,Campolongo Ivana
M84074,Hache Guillaume
M19507,Roia Natascia
M59584,Szucs Aron
M21215,Chapot Cyrille
M22590,Capgras Cedric
M86896,User SmartIT
M62278,Cineus Wesner
M70135,Ledinh Haison
M53503,Soumare Alassane
M15056,Seret Serge
M21568,Lhommo Eddy
M12677,Gautier St
M75309,Bendjaballah Adel
M22077,Hatton Fabien
M12155,Piquenet Mariedanielle
M22385,Bruno Philippe
M45772,Bougeant Marc
M31271,Caillaud Clement
M68308,Thiathiongfat Jerome
M48930,Benzahra Asma
M10060,Nkanga Jason
M21711,Keita Ibrahima
M06761,Boursas Fay
M87132,Baroudi Mohammed
M51535,Zorms Veronique
M16027,Harault Patricia
M34518,Jeffroy Veronique
M36245,Ougloff Stephanie
M74382,Bile Bernadette
M79024,Sissoko Halimatou
M12811,Dikouk Mohamed
M60104,Juanvera Miguel
M14147,Nguyen Evelyne
M46128,Benmayza Zouheir
M10886,Bennejma Faiza
M95480,Choura Abdessalem
M57592,Maalej Wassim
M72252,Bennaceur Siham
M21655,Hasnaoui Haithem
M19828,Sahal Aymen
M88320,Benamor Sabiha
M20263,Bost Justine
M10099,Elaissaoui Yassine
M28447,Vo Melanie
M07432,Abdelali Khadija
M43803,Johnson Laurie
M51381,Lacostenicolas Christine
M85240,Sellem Alexandre
M32770,Toure Fatou
M78321,Valentin Elodie
M70653,Zombos Dominique
M04489,Dur Marieclaire
M79035,Phoudiah Aurelie
M42362,Ranchon Alizee
M40007,Neveu Patrice
M29029,Thiollet Pierre
M37214,Baderspach Emilie
M37566,Lohner Selma
M75889,Borner Fabrice
M38435,Compain Megane
M02950,Dia Souleymane
MA4756,Frotjagoury Celine
M53347,Jacquet Celine
M51524,Moreau Frederic
M77870,Notot Paul
MA2562,Abonyi Pascale
MA2199,Petit Nicolas
M05083,Knaff Gregory
M37177,Rozier Martial
M32704,Schneuwly Camille
M71412,Legouet Aurelie
M13570,Sanmartin Alexandre
M77781,Olivier Jerome
M84766,Emery Olivier
M34747,Desbois Antoine
M45760,Flamigni Philippe
M07234,Gauje Donatien
M38820,Nedelian Celine
MA4620,Louppe Alexandre
M17711,Klutse Cynthia
M43512,Lakhdharzemmal Mouna
M42131,Calvarin Yann
M91663,Duval Alain
M05034,Djoutsop Aurelien
M08067,Salhaji Nizar
M69520,Dupuy Emmanuel
M10974,Hoang Ducliem
M05606,Zerouali Said
M07993,Johnson Kofi
M09940,Tran Alain
M10547,Mokhlissi Hicham
M20610,Frigerio Olivier
M51956,Yanan Joseph
M56673,Leguillou Didier
M04948,Lellouche Michael
M65440,Damiens Cedric
M67688,Mouchet Maxime
M55273,Couture Christophe
M82721,Delfavero Olivier
M01207,Cochet Philippe
MA4459,Floch Sebastien
M75262,Hascoet David
M16672,Djenaouissine Youcef
M87527,Halek Anis
M44140,Durand Robin
M20765,Sahmoudi Mohammedamine
M91246,Sans Damien
M75416,Rouyersicktov Leslie
M84348,Gelly Cedric
M82941,Guilleux Marilyn
M21989,Touzart Benedicte
M21791,Dumas Valerie
M80517,Founani Jihane
M20373,Fofana Tiguida
M84062,Devedeux Guilhem
M52797,Kuyo Oscar
M15497,Rauffet Lilian
M81852,Benhamida Kamel
M86681,Itekundjoli Jephte
M95140,Cornou Elodie
M20627,Limbach Guillaume
M55816,Hamlili Elmehdi
M05646,Nejmi Anas
M93181,Lecocguen Gilles
M80201,Giboire Jeanfrancois
M82920,Issialh Ozounguet
M02757,Janier Sophie
M52844,Robaux Fabrice
M30855,Samadet Jeanny
M08713,Mathieu Daniel
M06810,Flamandpicquot Emmanuelle
M22789,Nguyen Baochinh
M01184,Delbos Corinne
M05078,Palluatdebesset Celine
M63999,Kengadarane Stephane
M04286,Ossola Alexandre
M03087,Mai Hanh
M51670,Baghdad Adrien
M07421,Boutard Fabrice
M02240,Druard Catherine
M02251,Dumesnil Benedicte
M68458,Filali Ferid
M73181,Filin Yoann
M48956,Ladrem Geoffrey
M35165,Rami Jugurtha
M66831,Sall Amadou
MA4648,Ghantous Louis
M33815,Despoisse Arnaud
M01811,Blot Emmanuel
M18894,Azzouzi Ilyass
M10133,Cristea David
M40226,Assiane Yassine
M66144,Leplatre Nicolas
M75913,Brour Mourad
M26808,Pasquier Laurent
M44867,Sellin Baptiste
M50477,Verdy Thomas
M56706,Lemehaute Nicolas
M83911,Mouzaia Nabil
M19361,Poitout Magali
M02432,Gaudeix Christophe
M50557,Monchamps Sebastien
M43222,Chouaieb Beyrem
M43575,Sisalem Kahina
M40478,Bennani Fayrouz
M05079,Becker Pauline
M43603,Belaib Yasmina
M63867,Bouny Sylvie
M13101,Chissey Laurent
M07290,Epohedjangue Richardpatrick
M65108,Gbane Mahoua
M11321,Glineur S
M44841,Lelievre Anthony
M02066,Petit Laurent
M47737,Soria Jacques
M13289,Seguier Innes
M38828,Monsenergue Jonathan
M11333,Soumare Diankame
M43545,Blondeau Cyril
M16500,Juchat Laurence
M60093,Taravel Philippe
M98737,Aboujdid Raphael
M75758,Charef Dalila
M17448,Christophe Lydie
M18962,Clair Marielle
M10476,Delon Norbert
M39029,Dossantos Sylvie
M63833,Dubus Ophelie
M18504,Fakhane Bouchra
M07746,Mardhi Louisa
M32825,Mendy Melanie
M17679,Passemard Jerome
MA4566,Ramsamy Lydie
M89508,Vautrin Laetitia
M02471,Gauchet Agnes
M30017,Massot Martin
M93820,Sztern Emmanuel
M81067,Baron Aurelie
M35618,Avril Christine
M39480,Rolland Lena
M40811,Begue Caroline
M48412,Benitah Sharon
M51349,Degalarddebearn Marie
M52339,Rodrigues Jordane
M55221,Leteurtre Laeticia
M55771,Coco Severine
M56057,Fraboulet Alexandra
M65737,Pouessel Stephanie
M70599,Toto Ludmilla
M84722,Chaignot Philippe
M55727,Cheikh Sarah
M61502,Besegher Julie
M85823,Dostes Aurore
M11698,Tall S
M63156,Grippay Christophe
M04988,Pasquet Dominique
M00464,Florindopereira Valeria
M02264,Helali Hajer
M23722,Bonneau Adrien
M16012,Bougeant David
M20577,Bougeant Matthieu
M29107,Deleage Marie
M96818,Gameiro Christophe
M73195,Parlier Hugo
M18751,Tayeye Arnaud
M40278,Urbino Alexis
MA4327,Jesus Ricardo
M01481,Ledour Romain
M77485,Mahoukoundoudi Claude
MA3011,Henriel Christine
M34705,Herr Maryline
M08114,Midohoungbe William
M21479,Cheikh Hatem
M80894,Rey Philippe
M56541,Behar Aurelie
M68408,Khan Ikhlaq
M17480,Joubert Pierre
M45287,Grudyakova Olga
M49204,Savarin David
M03559,Attiya Meriem
M31796,Chinsy Arnaud
M36465,Trimoulet Arnaud
M25390,Abergel Thierry
M07729,Passey Wilfried
M13223,Sacko Aliou
M13883,Mabiala Ulrich
M02751,Couthon Raoul
M02762,Diawara Abdoulaye
M27533,Zemire HenriclaudeACCUEIL
M10578,Cosovic Dragoslav
M21182,Mbote Valere
M02707,Landeira Joseph
M75185,Cousin Bruno
M74866,Laginha David
M68782,Mesmin Johanna
M97240,Ple Alexandre
M00698,Saintamand Muriel
M40113,Skovron Laetitia
M91531,Crombez Peggy
M12593,Dasilva Jalyssa
M55429,Rapon Esther
M85103,Vieira Julien
M02729,Hanachi Kamoussi
M19383,Servientis Sandrine
M87809,Aparicio Francois
M35478,Godartdupasquier Paul
M00353,Patrice Renaud
M06816,Campana Jeanmarc
M53505,Louis Benedicte
MA2215,Trouillet Colette
MA2399,Mabilat Pascal
M28942,Schmuck Sara
MA1646,Aglae Marcelalbert
M19405,Dumats Frederic
M40744,Hatton Patricia
M69326,Lefort Sebastien
M56893,Lazzarotto Frederic
M13915,Caron Mireille
M45207,Favredechallens Marc
M82290,Delprat Cecile
M86714,Miazonzama Juvet
M47108,Zana Daniel
M14995,Balde Mamadou
M55173,Tchume Donovan
M78991,Mongin Gregoire
M70191,Boisson Blanche
M18832,Lacroux Olivier
M67686,Homawoo Mawulom
M26962,Grivel Jeanmarc
M28678,Belhassen Julien
M03227,Minoux Eric
MA1203,Diaz Laurent
M54846,Ferry Luc
M45332,Dhose Fantine
M74623,Aitmebarek Nissia
M27923,Bessad Mehdi
M91806,Cosme Kirsten
M03440,Karamoko Nogoferima
M80389,Legardinier Antoine
M83763,Leger Aur
M08895,Soumeila Yacouba
M20192,Diallo Mamadou
M97197,Bove Fran
M47261,Chaboud Julien
M88247,Fall Fatou
M14941,Zoungrana Abdoulaye
M41571,Philippe Lan
M99913,Esseul R
M06527,Stoupine Ilia
M91420,Xu Chengjie
M17016,Ancelin Benoit
M29889,Dollin Sulyvan
M92021,Munoz Maria
M00429,Lebon Denis
M91135,Layssol Damien
M06871,Berkane Christophe
M02938,Yanou Jules
M66956,Baror Victor
M14043,Baron Frederic
M14054,Leclercq Valerie
M14087,Olugbeje Sophie
M14098,Strasburger Sylvie
M55276,Dorbes Francis
M37134,Agedzi Koffi
M67240,Rachdi Feriel
M12173,Flanquart Antoine
M12239,Fontaine Yohann
M13284,Sanchez Eric
M22711,Lemouneau Romain
M22733,Khadraoui Houssem
M27408,Mtiraoui Nizar
M24035,Delord Christiane
M62147,Corbe Jeanolivier
M71368,Kajdan Stephane
M22408,Saunut Sophie
M61479,Mure JeanLuc
M24575,Prouchandy Gladys
M01078,Vigoureux Pascal
M29349,Ejdaa Nadia
M08345,Hammami Yossra
M41031,Schlagdenhauffen Laure
M54877,Madani Sarah
M70775,Santandrea Sophie
M40037,Rousselle Christine
MA4157,Vignon Jeanclaude
M05193,Derkenne Come
M08499,Malonga Chrysler
M11881,Forissier Axel
M81268,Pelletier Alain
M99825,Sevaux Angelique
M12195,Jackowski Denis
M06952,Vincent Olivier
MA4368,Hacken Florence
M60827,Dubus Marc
M43337,Dicocco Nathalie
M53460,Cosquer Marine
M27511,Fernandez Sophie
M10814,Henry Guillaume
M21597,Louati Ahmed
M10657,Marguerite Claudehenri
M28944,Rezgui Hamza
M65934,Huguet Rodolphe
M08808,Houberdon Christophe
M20841,Chentouf Lamine
M96579,Mastellone Sebastien
M91344,Champalier Bruno
M54307,Rakki Latifa
M40634,Giaoui Sylvie
M51669,Belfaqir Imad
M89496,Ganem Cyril
M50697,Jimla Kevin
M50931,Lellouche Julien
M39062,Nemard Virginie
M42714,Raingeard Aurore
M16753,Priour Frederique
M39789,Rojassalazar Liliana
M23417,Marcon Fabien
M20746,Mensac Christophe
M47355,Mesnil Sylvie
M41679,Vanderlinden Sylvain
M49676,Perrin Eric
M16841,Mensah Kwassi
M49937,Ecoffer Christine
M22835,Bechihi Ameni
M48318,Bouraga Mohamed
M91515,Chetouane Ines
M39986,Derrien Thomas
M04781,Gudin Yoann
M26927,Bekhti Abdelkrim
M52998,Villemain Stephane
M12121,Bosca Emmanuel
M60167,Bourhis Jocelyne
M12967,Deydier John
M52594,Gerard H
M50135,Bouhajja Walid
M65462,Chouchane Wakkas
M16464,Debisschop Arnaud
M76437,Halatre Marc
M11895,Jaafary Mustapha
M33542,Skonieczny R
M70397,Srhiri Jamal
M13889,Daneels Yvan
M86366,Wannasi Malika
M44067,Bouremana Anissa
M83230,Bouiri Bassma
M76385,Mouhamadsiradjoudine Jasmina
M11377,Ballu David
M13736,Diagne Yayenar
M22371,Kollaros Quentin
M10820,Lallali Jamel
M78483,Louhaichi Salwa
M02561,Keraghel Emir
M71739,Godard Dominique
M98638,Naitmerzeg Abdellah
M99771,Kachaden Said
M91079,Taghi Chakib
M29048,Elmoqqaddem Younes
M70757,Rezgui Mohamed
M16359,Cornurichard Sylv
M31363,Khalfaoui Ahmed
M49742,Laloux Fabienne
M13977,Chevalier Bruno
M50117,Martos Laurence
M91861,Ho Chungthanh
M18290,Nouri Mohammed
M15891,Piquetpellorce Tiphaine
M97109,Omezzine Ibtissem
M97632,Guerard Guillaume
M46374,Bourahla Rabah
M59987,Rolland Julien
M75582,Bouazzaoui Imane
M09632,Fousset Jeanluc
M20929,Edmond Cyrille
M93735,Mbaye Papamamadou
M26416,Nesba Ali
M39004,Souici Mohammedtahar
M52203,Minardi Ludovic
M83116,Pauchet Xavier
M54626,Balavoine Jerome
M14362,Sadaoui Hocine
M70554,Andrieux Lionel
M99132,Baesen Cindy
M28315,Jarrijon Pierre
MA2706,Moummi Naeima
M78138,Laachrate Sa
M64497,Durand Kevin
M18785,Alkali Bachar
M12021,Benmarzouk Ahmed
M35529,Poisson Dominique
M50777,Loyer Nicolas
M20774,Morin Antoine
M76317,Moreau Cyril
M01164,Nahed Achraf
M61040,Armougom Hugo
M73503,Rossato Tanguy
M22121,Arpino Caroline
M38853,Belabed Hanae
M21164,Cousinbeliard Karine
M76649,Phan Emilie
M13234,Sidibe Karounga
M36103,Sauce Pamela
M15479,Paknadel Marine
M10233,Chauveau Fabien
M02099,Debrion Hugo
M14679,Djabali Leila
M21489,Djoufo Junior
M47685,Doizelet Sophie
M21765,Elkhoury Marc
M94948,Elmurr C
M10319,Hafsa Imene
M23878,Komba Tatiana
M04925,Paulat Manon
M60716,Platevoet L
M32913,Mardigras Marine
M65616,Lengaigne Mathilde
M72777,Bru Berangere
M85897,Huang Hongbo
M10961,Jerbi Seif
M26835,Hauzi Joseph
M06206,Mukoka Pauline
M04748,Kheddar Khaled
M20659,Poinsenet Gauthier
M46531,Vimard Valentin
M54319,Lerminiaux Romain
M59929,Aury Quentin
M21075,Aubertcrozatier Marc
M76624,Belhadj Farouk
M30887,Benmessaoud Amani
M99891,Bouchetard Mathieu
M12082,Collive Jeanphilippe
M21818,Darrazi Ahmed
M90191,Deschamps Frederique
M19532,Farjaudoux Olivier
M06444,Galland Mandaw
M40389,Gholem Yannis
M00003,Siaq Ami
M08159,Ndiaye Abdou
M15301,Aelion Laurent
M34285,Ousguine Kawtar
M16738,Perina Sully
M13295,Vong David
M12833,Dalle Florian
M89145,Orceldelmas Carole
M67796,Mourjan Jordan
M08056,Portevin Benoit
M01805,Bernard Gwenael
M23442,Delarosa Diane
M40085,Petit Adrien
M46520,Agha Hizia
M58191,Bellenger Mariehelene
M16442,Bani Ramzi
M41612,Thorr Antoine
M00986,Marc Evelyne
M09967,Nana Adele
M65290,Chouali Manal
M45681,Caopertchouk Fei
M53296,Ngoubili Sadjfely
M29360,Pessans Elisabeth
M32715,Chhean Marc
M05485,Pointillart Romain
M30209,Nouri Dhouha
M65447,Ferrer Jerzy
M44217,Leroux Veronique
M85616,Blanc Camille
M36861,Enderlin Sandrine
M98285,Graive Richard
M30955,Lhuisset Franck
M45117,Toilliez Ga
M54327,Adda Deborah
MA2579,Bayeux Philippe
MA4561,Fradin Laurence
M57585,Manger Xavier
M11920,Rousseaux Julie
M67199,Mutombometa Charlene
M18865,Guedjgavin Agnes
M91493,Phoutthavong K
M24108,Duthuille B
M70665,Brueres Tanguy
M35188,Abderrahmani Ilham
M45486,Taillefer Jemuel
M38127,Gest Marcantoine
M13746,Kruoch Danny
M00379,Thiery Jeanpascal
M51647,Chaabani Anis
M54498,Pluot Emmanuel
M01894,Seye Mouhamed
M60611,Rachdi Sabrina
M16665,Matousek Patricia
M55432,Akazi Akram
M91846,Benali Youssef
M09280,Cordonnier Kevin
M16574,Guivy Cl
M81480,Hamaniabdou Aboubacar
M83956,Mechtaoui Fahim
M15716,Pieters Emilien
M21779,Gouin B
M79674,Yakovleffbizot Nathalie
M63482,Nguessan Blin
M78442,Baghdassarian Movses
M60740,Djaoudene Mazigh
M27602,Boldorini Marcio
M47342,Neuville Ambroise
M31235,Bouaziz Khaled
M20755,Traore Mamady
M84096,Adamamaiga Abdoulaye
M85031,Kedidi Mohamed
M89035,Machinaud Philippe
M93105,Fouque Ludovic
M94194,Mompach Alexandre
M92562,Dury Pascal
M25266,Djaout Imane
M81962,Millogo Wuiriboris
M13213,Idoumajoud Adile
M25661,Nameni Franck
M80345,Radja Karim
M32525,Farlotti Olivier
M87869,Monteyne Thomas
M87573,Drugeonhamon David
M69677,Amarmancour Khalid
M77112,Benyaacoub Hakim
M73822,Lion Jeremy
M79077,Pacholek David
M29257,Rousseau Marc
M14808,Seng Laurent
M50493,Visouthiphongs Jeremie
M36612,Zagar Antonio
M12260,Bouthalja Faika
M29181,Freyermuth Anthony
M99361,Gasmi Christophe
M56193,Julien Paul
M43651,Mazouz Aissa
M03352,Ohl Michael
M41282,Peridou Jade
M62891,Tavares Patrick
M11063,Tchelongnwabo Jeffjordan
M14467,Benfarhat Hela
M22608,Jadir Ayoub
M85721,Ressier Sylvain
M94157,Casseles Laure
M73811,Denebour Sonagnon
M75626,Kassi Majdouline
M68763,Fredet Camille
M85720,Rungasamy Sundaresan
M30197,Moussaoui Sahra
M90035,Planes Benedicte
M17937,Faurie Chrystelle
M37326,Sabuncu Tun
M05266,Hoareau Dany
M69179,Babulle Thierry
M89414,Jarrossay Vincent
M11226,Polyte Prisca
M42170,Casellas Marc
M25474,Idrahou Said
M64970,Coydon Laurent
M86342,Douangvichith Charles
M18334,Berrada Anass
M34327,Zgud Fr
M03629,Dussault Laurent
M58521,Girey Minhngoc
M65880,Boughlam Mahdiamine
M92408,Dhellemmes Audrey
M13216,Dumesnil St
M16883,Din Zaina
M78761,Rahal Hady
M38598,Brinis Mohamedaymen
M00467,Cavazzoni Martine
M87976,Sardet Etienne
M89349,Jardoux Elodie
M06198,Phelep Anna
M16695,Chasse Tanguy
M11366,Ndiade Aminata
M45477,Etasse Philippe
M89123,Hue Nicolas
M68504,Kabulo Tobolo
M22038,Lafon Am
M21074,Lamara Riad
M61258,Molnar Csenge
M85245,Darriet Alexandre
M76035,Chang Philippe
M06381,Lienard Vincent
M78354,Benayoun Franck
M54145,Deamaral Benjamin
M14577,Grandjean R
M82391,Jabri Radouane
M83205,Kamga Laetitia
M12241,Morri Yamen
M89709,Smail Hafjaziadam
M13236,Dupupet Christine
M67410,Kaouane Mustapha
M49062,Moraes Alain
M95135,Hutin Michel
M76745,Sallem Amine
M45916,Lahrichi Youssef
M65654,Chanel Yves
M18576,Onodje Joab
M17400,Boudjou Sonia
M03935,Bousmal Hakim
M40039,Delmont Brigitte
M52697,Deporte Maria
M04310,Didier Cl
M07741,Janfaoui Adnane
M22603,Maffre Sylvie
M50986,Seye Mame
M59696,Sipa C
M13797,Amrani Ahc
M57979,Bauchet Clement
M10392,Eustache Nicholas
M86119,Mazouzi Khaoula
M77468,Mokdad Samia
M17877,Ntoutoume Marcel
M52605,Tchinda Tatiana
M13306,Auzou Damien
M79724,Ecobichon Amandine
M16789,Jean Kevin
M98999,Meireles Mariana
M75620,Ncho Aur
M22844,Marey Th
M86692,Dugue Brice
M19742,Pillet Baptiste
M07345,Dan Guillaume
M45118,Garbaa Mehdi
MA4626,Barkaoui Lauriane
M11716,Lou Sophie
M65230,Jukic Nikica
M15187,Kaddouri Majda
M21523,Mahdjane Nora
M12567,Almi Salah
M54250,Belkhadir Nora
M45252,Belhaj Ouacel
M87880,Buresi Sebastien
M16398,Cherfaoui Benacer
M01839,Daher Lucie
M71376,Echanni Saida
M53250,Moussafir Ali
M19665,Nouiri Meryam
M85138,Zafin Hassane
M04561,Peron Laurent
M32445,Belarbi Mohammed
M88726,Bugnazet Thomas
M58058,Alamimarrouni Meriem
M72746,Ounaies Senda
M88455,Truong Nam
M19002,Lagraa Abdelkader
M55195,Kharbouch Marwane
M74187,Rosselin Alexandre
M25588,Samb Mor
M14735,Barnoussi Ismail
M06783,Kadri Rym
M68150,Kourout Anouar
M85296,Lamrani Zineb
M82182,Bouhouch Kamal
M60990,Maouche Nadia
M56918,Picquette Zineb
M19214,Bop Sandrino
M10152,Mokaddem Yasmine
M84920,Marie Jeanclement
M74664,Oughlissi Massinissa
M04986,Benali Abdellatif
M29378,Laalab Hanae
M66644,Aalami Imane
M18609,Namir Yousra
M11816,Corbel Fabien
M78772,Huyot Sarah
M68112,Perrot Iulia
M27609,Roch Olivier
M02980,Tkouki Aicha
M14568,Abarghache Ayoub
M05519,Chahboune Wahiba
M73614,Choqi Chaimaa
M91440,Lahmar Nadia
M87921,Lifri Salima
M12022,Yamouchene Hocine
M77051,Zerrouki Karima
M17090,Campos Remy
M20753,Turki Mohamedali
M93891,Amouzigh Youssef
M81537,Elhaddad Marouan
M25987,Ibriq Hanane
M80954,Elyoussfi Rabab
M01421,Benzayer Anass
M94392,Salihi Fatimazahra
M27799,Hmamouch Anas
M81479,Tazi Fatimazohra
M85227,Marouf Jamal
M51848,Desnel Xavier
M20554,Duriez Jessica
M06100,Elbedraoui Ahmed
M24012,Harras Noura
M70431,Lahlou Hamza
M21876,Makhlouf Amina
M84129,Mehtaj Yassine
M15480,Zraraa Bahaeaddine
M71375,Karbal Hayat
M66957,Chauvet Fabienne
M34515,Pujol Cedric
M41259,Bernard Arnaud
M59253,Chan Kayan
M25159,Colin Sebastien
M03688,Issemgane Ali
M39844,Bouchoucha Jeremie
M60715,Alvernhe Thierry
M17340,Bui Thanh
M56052,Saafi Ramzi
M92724,Zeghichi Redha
M14076,Merel Veronique
M11546,Pepin Laurent
M90453,Chapuzot Julien
M94089,Abbadie Vincent
M97750,Saoudi Khaled
M95075,Remazeilles Pierrebernard
M10518,Youssef Amani
M63960,Andriamitandrina Fehizoro
M73728,Salahsalah Bochra
M82299,Hammami Idriss
M13472,Fontaine Florian
M33078,Andrew Audrey
M78990,Sabbah Marie
M63444,Forestier Laurie
M24352,Ainane Naoufal
M05523,Cisse Sema
M15657,Hoang Ngocmy
M70438,Allouli Reda
M90075,Bentayeb Moner
M06088,Marrakchi Tarik
M43513,Jumeaux Tristan
M07401,Bziouch Houssem
M10199,Benkhalifa Rim
M12708,Abdelmoula Mahdi
M09544,Amrani Youssef
M38994,Charouk Marc
M82978,Moussaid Fatimazahra
M75516,Merbah Naima
M13430,Zeroual Badr
M78794,Lajmimasmoudi Nawel
M66167,Kolika Lucien
M82964,Tlaghi Yahya
M85099,Benreskallah Oussama
M19743,Diakhate Fama
M78667,Guerbouj Karamallah
M55462,Daligault Jeanluc
M27003,Chorfi Loubna
M10689,Thieng Gontran
M87011,Takougangnzeukou Armand
M64674,Bakkas Mouhcine
M23784,Birem Mira
M18366,Choujaa Rania
M11009,Hajjej Ayoub
M98975,Hammerer Arnaud
M09501,Khalil Abidi
M34191,Lecoq Annelaure
M86761,Nguyen Tienlam
M22996,Plouzennec Jeanphilippe
M17192,Reghay Hicham
M89134,Dabouz Zahir
M60567,Yoshida Satoshiquentin
M90764,Li Wenkun
M58504,Alaoui Jawad
M89541,Elaoud Syrine
M99509,Pernet Thomas
M37644,Amrous Hafidh
M11604,Benamar Samir
M55648,Brik Ali
M22525,Esserhir Ali
M09886,Kaaoua Amine
M20941,Ngbanza Lob
M03033,Bargaoui Arwa
M34118,Bayed Jasmina
M12324,Belkessa Lyes
M04980,Krikeb Mokrane
M38669,Molard Louis
M12630,Jabes Jason
M54093,Almarouni Marouane
M54706,Khedher Takwa
M04034,Delacoux Raphael
M20193,Trovoada Chlo
M17959,Martinez Adrien
M07726,Souilmi Najmeddine
M40825,Meziane Idir
M82298,Lahlib Wiame
M72626,Oulamin Hanane
M66062,Bahaoui Karima
M37128,Temri Mustapha
M17172,Kaci Enzo
M21787,Lepori Philippe
M68281,Tesson Erwan
M36368,Lepoupon Alexandre
M04673,Zarzouri Mohamedyassine
M72317,Antoine Bruno
M85183,Dasneves Antoine
M12380,Elwafi Mounia
M84677,Bachouel Insaf
M81309,Belgacem Khaoula
M06300,Benabdeljawed Marwa
M10181,Chater Mariem
M50067,Greb Houda
M86120,Hssine Sihem
M70296,Kharrat Wissem
M68046,Maillard Damien
M12323,Saada Ines
M05870,Thelier Loic
M79733,Shevchuk Vitaliy
M72228,Debroucker Ang
M80868,Touati Walid
M09177,Mostefaoui Mourad
M56234,Letournel Paulyves
M19948,David Pascal
M12130,Benoit Fabrice
M11426,Mlinde Housni
M16790,Zarhloul Saad
M47256,Baglin Gerald
M09792,Farrah Ines
M19709,Gimenezsantacruz Joseluis
M39220,Gomezgomez Sonia
M13880,Jentreau Pierrick
M22173,Jorge Llorentefern
M42785,Bakale Ganapati
M19479,Boyer Pierre
M78554,Cloarec Lo
M98536,Doucoure Sahibou
M87808,Fekih Meriem
M66291,Lamour Jean
M11849,Levagueresse Christophe
M17399,Paquereau J
M09633,Rivat Fran
M59467,Souques Julien
M24318,Chazelle Johann
M58660,Lavenaire Gaelle
M46615,Hessissen Hind
M69038,Hamoutahra Abla
M58614,Bahri Skander
M18059,Ferrer Anthony
M10552,Lene Julien
M10954,Belhandouz Nawal
M12250,Goudjil Amar
M66855,Remoue Denis
M10734,Barraux Christian
M27603,Mendjeli Allan
M10024,Lagarde J
M17828,Kherraz Omar
M65933,Montreuil Damien
M04598,Viala Thierry
M10352,Plante Bernard
M21798,Makhlouka Hajer
M86680,Labourel Annelaure
M62277,Kassi Ayoub
M35426,Zayen Sofien
M09050,Wague Papadalla
M54874,Benazzouz Afif
M15599,Hesnard Audrey
M02410,Lagoutte Laurent
M48717,Lelouch Frederic
M73041,Albin Antoine
M53703,Schneider Sebastien
M73956,Allanic Arthur
M12598,Chaoui Tarik
M18312,Kissi Hamza
M11608,Saffar Malika
M77799,Favre Louis
M88117,Fallet Maxime
M13325,Miri Adil
M25554,Defaucigny Annesophie
M26497,Charaudeau Cynthia
M16817,Dufourcq Nicolas
M16412,Antonini Serge
M61424,Caudoux Arnaud
M39458,Mourin Yoann
M90870,Gohari Pejman
M59137,Stassi Olivier
M35065,Tura Olivier
M17014,Jonin Alexis
M67345,Khchichine Mounsif
M03704,Atfaoui Fatimaezzahra
M08214,Boulayd Maha
M95734,Douali Rayane
M99207,Durot Anthony
M46110,Louis Sandrine
M70942,Cardot Lukas
M21404,Yakrib Sara
M19555,Toussaint Bertrand
M34119,Belgharbi Rim
M53716,Belbey K
M16409,Raguenau Corentin
M54594,Bounet Justine
M01453,Froideval Thomas
M07877,Paris Pauline
M47262,Abdelhak Youssef
M11932,Rifai Mohammed
M09401,Ghalem Hadjramdane
M32427,Taleb Yacine
M53561,Baalouch Khaoula
M80929,Okan Sami
M01604,Ayari Montacerbellah
M34117,Sirah Mohcine
M06421,Oughlissi Yanis
M11162,Chepimongnomo Ivanpatrick
M32237,Ashok Kumar
M22140,R Dhanalakshmi
M75927,Boubakri Skander
M02351,Jacquet St
M03814,Madjinoudivassa Marissafrederique
M15342,Paul Geraldine
M93633,Revellin Pierre
M88479,Saintlaurent Tanguy
M53523,Alami Mohammed
M43433,Benmimoune Lamine
M57534,Khereddine Massinissa
M06448,Ouali Azzedine
M10492,Tahri Yassine
M12311,Vieira Franck
M70112,Virion F
M58620,Sahal Mohamed
M69260,Boukirou Amal
M21014,Elmouharrar Ayoub
M94240,Bouchtaoui Anass
M73209,Hadef Lotfi
M07246,Idfares Abdelhamid
M12378,Delassence Bernard
M40616,Souiri Hamza
M21491,Hmamsi Elias
M02686,Belarbi Adam
M35550,Fontaine Paul
M82591,Idouhzli Abderrahim
M14440,Fajraoui Walid
M10328,Hannafi Fakher
M15888,Ouhammouch Hanane
M19599,Khoubbane Houssam
M10177,Benmati Nadir
M10112,Pegues Dalia
M65871,Zambelis Eva
M20545,Ducos C
M49219,Sarrazin Melvin
M09996,Hafid Fatima
M03044,Missaou Mohamed
M29049,Machado Antonio
M97293,Paradis Dylan
M04252,Hatte Steeve
M74136,Abakarim Manal
M41672,Lachkar Zakaria
M79740,Mougammadou Bhilal
M13956,Tlili Fakher
M12164,Kaabi Mohamed
M14757,Thierre Kevin
M60020,Desir Jeanluc
M19311,Bui Christophe
M81731,Khalifa Fares
M46054,Elmaghrebi Issam
M06773,Xue Kun
M50234,Carriere Francois
M48276,Ghysdael Fabrice
M14132,Neves Lo
M76965,Eddai Oussama
M54729,Benaicha Sofi
M33731,Cudon Nicolas
M18422,Ennadir Zineb
M55433,Toukounou Maurial
M94249,Berry Alexandre
M99727,Foucher Emilie
M14256,Mainiere Stephanie
M03180,Holmiere Coralie
M74537,Hubert Jeremie
M29467,Fyot Clarisse
M93248,Montesinomarquez Nora
M40115,Monce Basile
M30210,Alila Arwa
M30667,Brahim Imen
M10772,Mhissen Mohamedriadh
M03089,Werghi Adel
M89077,Abbi Marouane
M10294,Lounes Smail
M54697,Papinepaktoris Marie
M10848,Makni Fatma
M13109,Yavo Sebastien
M56074,Aniba Ameni
M11724,Bendakhlia Nabila
M74448,Carlier Odile
M10430,Dujardin Valentin
M12223,Deschamps Paulhenri
M11115,Dorgham Myriam
M32115,Laplace Francisjunior
M68533,Michot Florian
M08071,Geffray Mari
M07510,Guerin Flora
M03000,Godement No
M12620,Ly Molyvann
M32137,Guiguet Claire
M90284,Kane Mandiaye
M23316,Lam David
M08489,Grand Maxime
M14022,Sartre Marie
M18555,Darfaoui Zakaria
M08742,Legrand Vincent
M72905,Motano Beyerd
M02015,Bargetzy Eva
M19054,Bertaud Lea
M06555,Chevallot Eugenie
MA4413,Fournet Vincent
M73723,Keita Diaba
M50491,Mikulic Nicolas
MA4678,Razanajao Miharintsoa
MA2117,Teyssier Virginie
M66012,Lepillier Martin
M65088,Cucalontorresmalaga Tamara
M62800,Gautier Paul
M66595,Larroque Sindy
M78838,Sen Heidi
M64824,Doullay Delphine
M54330,Brun Alexandre
M10383,Doret Edouard
M10349,Polizzi Justine
M10589,Regnier Candice
M51777,Tixier Laurent
M48830,Nyamsi Marieangele
